PassengerId,Survived,Pclass,Name,Sex,Age,SibSp,Parch,Ticket,Fare,Cabin,Embarked
1.0,0.0,3.0,108,1,22.0,1.0,0.0,523,7.25,47,2
2.0,1.0,1.0,190,0,38.0,1.0,0.0,596,71.2833,81,0
3.0,1.0,3.0,353,0,26.0,0.0,0.0,669,7.925,47,2
4.0,1.0,1.0,272,0,35.0,1.0,0.0,49,53.1,55,2
5.0,0.0,3.0,15,1,35.0,0.0,0.0,472,8.05,47,2
6.0,0.0,3.0,554,1,29.69911764705882,0.0,0.0,275,8.4583,47,1
7.0,0.0,1.0,515,1,54.0,0.0,0.0,85,51.8625,129,2
8.0,0.0,3.0,624,1,2.0,3.0,1.0,395,21.075,47,2
9.0,1.0,3.0,412,0,27.0,0.0,2.0,344,11.1333,47,2
10.0,1.0,2.0,576,0,14.0,1.0,0.0,132,30.0708,47,0
11.0,1.0,3.0,727,0,4.0,1.0,1.0,616,16.7,145,2
12.0,1.0,1.0,95,0,58.0,0.0,0.0,38,26.55,49,2
13.0,0.0,3.0,729,1,20.0,0.0,0.0,535,8.05,47,2
14.0,0.0,3.0,28,1,39.0,1.0,5.0,333,31.275,47,2
15.0,0.0,3.0,840,0,14.0,0.0,0.0,413,7.8542,47,2
16.0,1.0,2.0,359,0,55.0,0.0,0.0,153,16.0,47,2
17.0,0.0,3.0,682,1,2.0,4.0,1.0,480,29.125,47,1
18.0,1.0,2.0,867,1,29.69911764705882,0.0,0.0,151,13.0,47,2
19.0,0.0,3.0,839,0,31.0,1.0,0.0,301,18.0,47,2
20.0,1.0,3.0,512,0,29.69911764705882,0.0,0.0,184,7.225,47,0
21.0,0.0,2.0,273,1,35.0,0.0,0.0,139,26.0,47,2
22.0,1.0,2.0,80,1,34.0,0.0,0.0,152,13.0,111,2
23.0,1.0,3.0,523,0,15.0,0.0,0.0,278,8.0292,47,1
24.0,1.0,1.0,765,1,28.0,0.0,0.0,42,35.5,13,2
25.0,0.0,3.0,626,0,8.0,3.0,1.0,395,21.075,47,2
26.0,1.0,3.0,44,0,38.0,1.0,5.0,329,31.3875,47,2
27.0,0.0,3.0,240,1,29.69911764705882,0.0,0.0,179,7.225,47,0
28.0,0.0,1.0,260,1,19.0,3.0,2.0,95,263.0,63,2
29.0,1.0,3.0,605,0,29.69911764705882,0.0,0.0,283,7.8792,47,1
30.0,0.0,3.0,813,1,29.69911764705882,0.0,0.0,362,7.8958,47,2
31.0,0.0,1.0,828,1,40.0,0.0,0.0,598,27.7208,47,0
32.0,1.0,1.0,776,0,29.69911764705882,1.0,0.0,586,146.5208,41,0
33.0,1.0,3.0,289,0,29.69911764705882,0.0,0.0,288,7.75,47,1
34.0,0.0,2.0,856,1,66.0,0.0,0.0,549,10.5,47,2
35.0,0.0,1.0,535,1,28.0,1.0,0.0,600,82.1708,47,0
36.0,0.0,1.0,372,1,42.0,1.0,0.0,43,52.0,47,2
37.0,1.0,3.0,505,1,29.69911764705882,0.0,0.0,202,7.2292,47,0
38.0,0.0,3.0,134,1,21.0,0.0,0.0,514,8.05,47,2
39.0,0.0,3.0,837,0,18.0,2.0,0.0,302,18.0,47,2
40.0,1.0,3.0,589,0,14.0,1.0,0.0,186,11.2417,47,0
41.0,0.0,3.0,7,0,40.0,1.0,0.0,507,9.475,47,2
42.0,0.0,2.0,827,0,27.0,1.0,0.0,53,21.0,47,2
43.0,0.0,3.0,446,1,29.69911764705882,0.0,0.0,391,7.8958,47,0
44.0,1.0,2.0,456,0,3.0,1.0,2.0,634,41.5792,47,0
45.0,1.0,3.0,212,0,19.0,0.0,0.0,282,7.8792,47,1
46.0,0.0,3.0,697,1,29.69911764705882,0.0,0.0,617,8.05,47,2
47.0,0.0,3.0,473,1,29.69911764705882,1.0,0.0,462,15.5,47,1
48.0,1.0,3.0,604,0,29.69911764705882,0.0,0.0,76,7.75,47,1
49.0,0.0,3.0,726,1,29.69911764705882,2.0,0.0,190,21.6792,47,0
50.0,0.0,3.0,38,0,18.0,1.0,0.0,377,17.8,47,2
51.0,0.0,3.0,629,1,7.0,4.0,1.0,249,39.6875,47,2
52.0,0.0,3.0,594,1,21.0,0.0,0.0,522,7.8,47,2
53.0,1.0,1.0,333,0,49.0,1.0,0.0,587,76.7292,101,0
54.0,1.0,2.0,246,0,29.0,1.0,0.0,239,26.0,47,2
55.0,0.0,1.0,620,1,65.0,0.0,1.0,29,61.9792,23,0
56.0,1.0,1.0,873,1,29.69911764705882,0.0,0.0,94,35.5,71,2
57.0,1.0,2.0,707,0,21.0,0.0,0.0,555,10.5,47,2
58.0,0.0,3.0,595,1,28.5,0.0,0.0,215,7.2292,47,0
59.0,1.0,2.0,853,0,5.0,1.0,2.0,561,27.75,47,2
60.0,0.0,3.0,299,1,11.0,5.0,2.0,566,46.9,47,2
61.0,0.0,3.0,749,1,22.0,0.0,0.0,197,7.2292,47,0
62.0,1.0,1.0,385,0,38.0,0.0,0.0,32,80.0,21,2
63.0,0.0,1.0,337,1,45.0,1.0,0.0,457,83.475,80,2
64.0,0.0,3.0,755,1,4.0,3.0,2.0,337,27.9,47,2
65.0,0.0,1.0,784,1,29.69911764705882,0.0,0.0,601,27.7208,47,0
66.0,1.0,3.0,560,1,29.69911764705882,1.0,1.0,189,15.2458,47,0
67.0,1.0,2.0,596,0,29.0,0.0,0.0,553,10.5,142,2
68.0,0.0,3.0,185,1,19.0,0.0,0.0,623,8.1583,47,2
69.0,1.0,3.0,25,0,17.0,4.0,2.0,248,7.925,47,2
70.0,0.0,3.0,440,1,26.0,2.0,0.0,270,8.6625,47,2
71.0,0.0,2.0,396,1,32.0,0.0,0.0,557,10.5,47,2
72.0,0.0,3.0,300,0,16.0,5.0,2.0,566,46.9,47,2
73.0,0.0,2.0,376,1,21.0,0.0,0.0,621,73.5,47,2
74.0,0.0,3.0,161,1,26.0,1.0,0.0,204,14.4542,47,0
75.0,1.0,3.0,87,1,32.0,0.0,0.0,80,56.4958,47,2
76.0,0.0,3.0,546,1,25.0,0.0,0.0,347,7.65,140,2
77.0,0.0,3.0,778,1,29.69911764705882,0.0,0.0,355,7.8958,47,2
78.0,0.0,3.0,563,1,29.69911764705882,0.0,0.0,473,8.05,47,2
79.0,1.0,2.0,127,1,0.83,0.0,2.0,158,29.0,47,2
80.0,1.0,3.0,223,0,30.0,0.0,0.0,432,12.475,47,2
81.0,0.0,3.0,842,1,22.0,0.0,0.0,304,9.0,47,2
82.0,1.0,3.0,737,1,29.0,0.0,0.0,311,9.5,47,2
83.0,1.0,3.0,519,0,29.69911764705882,0.0,0.0,280,7.7875,47,1
84.0,0.0,1.0,141,1,28.0,0.0,0.0,25,47.1,47,2
85.0,1.0,2.0,386,0,17.0,0.0,0.0,637,10.5,47,2
86.0,1.0,3.0,52,0,33.0,3.0,0.0,247,15.85,47,2
87.0,0.0,3.0,255,1,16.0,1.0,3.0,676,34.375,47,2
88.0,0.0,3.0,764,1,29.69911764705882,0.0,0.0,652,8.05,47,2
89.0,1.0,1.0,259,0,23.0,3.0,2.0,95,263.0,63,2
90.0,0.0,3.0,149,1,24.0,0.0,0.0,297,8.05,47,2
91.0,0.0,3.0,159,1,29.0,0.0,0.0,298,8.05,47,2
92.0,0.0,3.0,31,1,20.0,0.0,0.0,341,7.8542,47,2
93.0,0.0,1.0,150,1,46.0,1.0,0.0,678,61.175,122,2
94.0,0.0,3.0,209,1,26.0,1.0,2.0,548,20.575,47,2
95.0,0.0,3.0,184,1,59.0,0.0,0.0,428,7.25,47,2
96.0,0.0,3.0,740,1,29.69911764705882,0.0,0.0,475,8.05,47,2
97.0,0.0,1.0,292,1,71.0,0.0,0.0,607,34.6542,12,0
98.0,1.0,1.0,308,1,23.0,0.0,1.0,612,63.3583,91,0
99.0,1.0,2.0,219,0,34.0,0.0,1.0,117,23.0,47,2
100.0,0.0,2.0,422,1,34.0,1.0,0.0,150,26.0,47,2
101.0,0.0,3.0,656,0,28.0,0.0,0.0,384,7.8958,47,2
102.0,0.0,3.0,658,1,29.69911764705882,0.0,0.0,361,7.8958,47,2
103.0,0.0,1.0,858,1,21.0,0.0,1.0,417,77.2875,98,2
104.0,0.0,3.0,405,1,33.0,0.0,0.0,505,8.6542,47,2
105.0,0.0,3.0,312,1,37.0,2.0,0.0,245,7.925,47,2
106.0,0.0,3.0,542,1,28.0,0.0,0.0,354,7.8958,47,2
107.0,1.0,3.0,724,0,21.0,0.0,0.0,296,7.65,47,2
108.0,1.0,3.0,559,1,29.69911764705882,0.0,0.0,254,7.775,47,2
109.0,0.0,3.0,675,1,38.0,0.0,0.0,388,7.8958,47,2
110.0,1.0,3.0,552,0,29.69911764705882,1.0,0.0,469,24.15,47,1
111.0,0.0,1.0,667,1,47.0,0.0,0.0,2,52.0,52,2
112.0,0.0,3.0,882,0,14.5,1.0,0.0,193,14.4542,47,0
113.0,0.0,3.0,67,1,22.0,0.0,0.0,274,8.05,47,2
114.0,0.0,3.0,417,0,20.0,1.0,0.0,491,9.825,47,2
115.0,0.0,3.0,46,0,17.0,0.0,0.0,176,14.4583,47,0
116.0,0.0,3.0,645,1,21.0,0.0,0.0,666,7.925,47,2
117.0,0.0,3.0,178,1,70.5,0.0,0.0,460,7.75,47,1
118.0,0.0,2.0,826,1,29.0,1.0,0.0,53,21.0,47,2
119.0,0.0,1.0,70,1,24.0,0.0,1.0,585,247.5208,36,0
120.0,0.0,3.0,24,0,2.0,4.0,2.0,333,31.275,47,2
121.0,0.0,2.0,362,1,21.0,2.0,0.0,621,73.5,47,2
122.0,0.0,3.0,551,1,29.69911764705882,0.0,0.0,540,8.05,47,2
123.0,0.0,2.0,575,1,32.5,1.0,0.0,132,30.0708,47,0
124.0,1.0,2.0,848,0,32.5,0.0,0.0,219,13.0,116,2
125.0,0.0,1.0,857,1,54.0,0.0,1.0,417,77.2875,98,2
126.0,1.0,3.0,588,1,12.0,1.0,0.0,186,11.2417,47,0
127.0,0.0,3.0,525,1,29.69911764705882,0.0,0.0,463,7.75,47,1
128.0,1.0,3.0,499,1,24.0,0.0,0.0,541,7.1417,47,2
129.0,1.0,3.0,653,0,29.69911764705882,1.0,1.0,196,22.3583,138,0
130.0,0.0,3.0,234,1,45.0,0.0,0.0,318,6.975,47,2
131.0,0.0,3.0,225,1,33.0,0.0,0.0,380,7.8958,47,0
132.0,0.0,3.0,165,1,20.0,0.0,0.0,640,7.05,47,2
133.0,0.0,3.0,695,0,47.0,1.0,0.0,537,14.5,47,2
134.0,1.0,2.0,851,0,29.0,1.0,0.0,111,26.0,47,2
135.0,0.0,2.0,772,1,25.0,0.0,0.0,552,13.0,47,2
136.0,0.0,2.0,685,1,23.0,0.0,0.0,630,15.0458,47,0
137.0,1.0,1.0,585,0,19.0,0.0,2.0,55,26.2833,107,2
138.0,0.0,1.0,271,1,37.0,1.0,0.0,49,53.1,55,2
139.0,0.0,3.0,618,1,16.0,0.0,0.0,504,9.2167,47,2
140.0,0.0,1.0,282,1,24.0,0.0,0.0,592,79.2,45,0
141.0,0.0,3.0,99,0,29.69911764705882,0.0,2.0,203,15.2458,47,0
142.0,1.0,3.0,597,0,22.0,0.0,0.0,332,7.75,47,2
143.0,1.0,3.0,319,0,24.0,1.0,0.0,668,15.85,47,2
144.0,0.0,3.0,116,1,19.0,0.0,0.0,438,6.75,47,1
145.0,0.0,2.0,32,1,18.0,0.0,0.0,118,11.5,47,2
146.0,0.0,2.0,586,1,19.0,1.0,1.0,558,36.75,47,2
147.0,1.0,3.0,29,1,27.0,0.0,0.0,405,7.7958,47,2
148.0,0.0,3.0,254,0,9.0,2.0,2.0,676,34.375,47,2
149.0,0.0,2.0,580,1,36.5,0.0,2.0,113,26.0,141,2
150.0,0.0,2.0,121,1,42.0,0.0,0.0,147,13.0,47,2
151.0,0.0,2.0,68,1,51.0,0.0,0.0,622,12.525,47,2
152.0,1.0,1.0,643,0,22.0,1.0,0.0,36,66.6,61,2
153.0,0.0,3.0,532,1,55.5,0.0,0.0,516,8.05,47,2
154.0,0.0,3.0,889,1,40.5,0.0,2.0,538,14.5,47,2
155.0,0.0,3.0,612,1,29.69911764705882,0.0,0.0,573,7.3125,47,2
156.0,0.0,1.0,866,1,51.0,0.0,1.0,595,61.3792,47,0
157.0,1.0,3.0,287,0,16.0,0.0,0.0,418,7.7333,47,1
158.0,0.0,3.0,181,1,30.0,0.0,0.0,654,8.05,47,2
159.0,0.0,3.0,767,1,29.69911764705882,0.0,0.0,258,8.6625,47,2
160.0,0.0,3.0,716,1,29.69911764705882,8.0,2.0,568,69.55,47,2
161.0,0.0,3.0,186,1,44.0,0.0,1.0,470,16.1,47,2
162.0,1.0,2.0,847,0,40.0,0.0,0.0,559,15.75,47,2
163.0,0.0,3.0,82,1,26.0,0.0,0.0,323,7.775,47,2
164.0,0.0,3.0,129,1,17.0,0.0,0.0,265,8.6625,47,2
165.0,0.0,3.0,628,1,1.0,4.0,1.0,249,39.6875,47,2
166.0,1.0,3.0,293,1,9.0,0.0,2.0,423,20.525,47,2
167.0,1.0,1.0,157,0,29.69911764705882,0.0,1.0,28,55.0,123,2
168.0,0.0,3.0,760,0,45.0,1.0,4.0,337,27.9,47,2
169.0,0.0,1.0,69,1,29.69911764705882,0.0,0.0,576,25.925,47,2
170.0,0.0,3.0,486,1,28.0,0.0,0.0,80,56.4958,47,2
171.0,0.0,1.0,832,1,61.0,0.0,0.0,5,33.5,18,2
172.0,0.0,3.0,680,1,4.0,4.0,1.0,480,29.125,47,1
173.0,1.0,3.0,408,0,1.0,1.0,1.0,344,11.1333,47,2
174.0,0.0,3.0,752,1,21.0,0.0,0.0,659,7.925,47,2
175.0,0.0,1.0,769,1,56.0,0.0,0.0,90,30.6958,14,0
176.0,0.0,3.0,444,1,18.0,1.0,1.0,412,7.8542,47,2
177.0,0.0,3.0,464,1,29.69911764705882,3.0,1.0,488,25.4667,47,2
178.0,0.0,1.0,388,0,50.0,0.0,0.0,593,28.7125,69,0
179.0,0.0,2.0,320,1,30.0,0.0,0.0,169,13.0,47,2
180.0,0.0,3.0,474,1,36.0,0.0,0.0,574,0.0,47,2
181.0,0.0,3.0,717,0,29.69911764705882,8.0,2.0,568,69.55,47,2
182.0,0.0,2.0,650,1,29.69911764705882,0.0,0.0,629,15.05,47,0
183.0,0.0,3.0,41,1,9.0,4.0,2.0,329,31.3875,47,2
184.0,1.0,2.0,76,1,1.0,2.0,1.0,114,39.0,144,2
185.0,1.0,3.0,441,0,4.0,0.0,2.0,271,22.025,47,2
186.0,0.0,1.0,700,1,29.69911764705882,0.0,0.0,34,50.0,9,2
187.0,1.0,3.0,601,0,29.69911764705882,1.0,0.0,459,15.5,47,1
188.0,1.0,1.0,698,1,45.0,0.0,0.0,11,26.55,47,2
189.0,0.0,3.0,101,1,40.0,1.0,1.0,435,15.5,47,1
190.0,0.0,3.0,823,1,36.0,0.0,0.0,386,7.8958,47,2
191.0,1.0,2.0,664,0,32.0,0.0,0.0,122,13.0,47,2
192.0,0.0,2.0,136,1,19.0,0.0,0.0,227,13.0,47,2
193.0,1.0,3.0,20,0,19.0,1.0,0.0,406,7.8542,47,2
194.0,1.0,2.0,579,1,3.0,1.0,1.0,113,26.0,141,2
195.0,1.0,1.0,113,0,44.0,0.0,0.0,604,27.7208,28,0
196.0,1.0,1.0,495,0,58.0,0.0,0.0,586,146.5208,43,0
197.0,0.0,3.0,533,1,29.69911764705882,0.0,0.0,452,7.75,47,1
198.0,0.0,3.0,611,1,42.0,0.0,1.0,494,8.4042,47,2
199.0,1.0,3.0,497,0,29.69911764705882,0.0,0.0,461,7.75,47,1
200.0,0.0,2.0,881,0,24.0,0.0,0.0,160,13.0,47,2
201.0,0.0,3.0,834,1,28.0,0.0,0.0,306,9.5,47,2
202.0,0.0,3.0,721,1,29.69911764705882,8.0,2.0,568,69.55,47,2
203.0,0.0,3.0,403,1,34.0,0.0,0.0,242,6.4958,47,2
204.0,0.0,3.0,878,1,45.5,0.0,0.0,177,7.225,47,0
205.0,1.0,3.0,166,1,18.0,0.0,0.0,530,8.05,47,2
206.0,0.0,3.0,789,0,2.0,0.0,1.0,316,10.4625,145,2
207.0,0.0,3.0,51,1,32.0,1.0,0.0,247,15.85,47,2
208.0,1.0,3.0,9,1,26.0,0.0,0.0,216,18.7875,47,0
209.0,1.0,3.0,140,0,16.0,0.0,0.0,445,7.75,47,1
210.0,1.0,1.0,94,1,40.0,0.0,0.0,17,31.0,8,0
211.0,0.0,3.0,12,1,24.0,0.0,0.0,642,7.05,47,2
212.0,1.0,2.0,131,0,35.0,0.0,0.0,570,21.0,47,2
213.0,0.0,3.0,649,1,22.0,0.0,0.0,526,7.25,47,2
214.0,0.0,2.0,288,1,30.0,0.0,0.0,163,13.0,47,2
215.0,0.0,3.0,437,1,29.69911764705882,1.0,0.0,443,7.75,47,1
216.0,1.0,1.0,582,0,31.0,1.0,0.0,416,113.275,103,0
217.0,1.0,3.0,375,0,27.0,0.0,0.0,670,7.925,47,2
218.0,0.0,2.0,390,1,42.0,1.0,0.0,142,27.0,47,2
219.0,1.0,1.0,72,0,32.0,0.0,0.0,63,76.2917,93,0
220.0,0.0,2.0,338,1,30.0,0.0,0.0,679,10.5,47,2
221.0,1.0,3.0,791,1,16.0,0.0,0.0,653,8.05,47,2
222.0,0.0,2.0,105,1,27.0,0.0,0.0,105,13.0,47,2
223.0,0.0,3.0,306,1,51.0,0.0,0.0,102,8.05,47,2
224.0,0.0,3.0,581,1,29.69911764705882,0.0,0.0,375,7.8958,47,2
225.0,1.0,1.0,379,1,38.0,1.0,0.0,93,90.0,87,2
226.0,0.0,3.0,83,1,22.0,0.0,0.0,615,9.35,47,2
227.0,1.0,2.0,531,1,19.0,0.0,0.0,672,10.5,47,2
228.0,0.0,3.0,492,1,20.5,0.0,0.0,525,7.25,47,2
229.0,0.0,2.0,243,1,18.0,0.0,0.0,125,13.0,47,2
230.0,0.0,3.0,467,0,29.69911764705882,3.0,1.0,488,25.4667,47,2
231.0,1.0,1.0,339,0,35.0,1.0,0.0,457,83.475,80,2
232.0,0.0,3.0,460,1,29.0,0.0,0.0,322,7.775,47,2
233.0,0.0,2.0,754,1,59.0,0.0,0.0,128,13.5,47,2
234.0,1.0,3.0,43,0,5.0,4.0,2.0,329,31.3875,47,2
235.0,0.0,2.0,479,1,24.0,0.0,0.0,554,10.5,47,2
236.0,0.0,3.0,329,0,29.69911764705882,0.0,0.0,677,7.55,47,2
237.0,0.0,2.0,370,1,44.0,1.0,0.0,198,26.0,47,2
238.0,1.0,2.0,172,0,8.0,0.0,2.0,556,26.25,47,2
239.0,0.0,2.0,648,1,19.0,0.0,0.0,231,10.5,47,2
240.0,0.0,2.0,383,1,33.0,0.0,0.0,636,12.275,47,2
241.0,0.0,3.0,883,0,29.69911764705882,1.0,0.0,193,14.4542,47,0
242.0,1.0,3.0,567,0,29.69911764705882,1.0,0.0,444,15.5,47,1
243.0,0.0,2.0,169,1,29.0,0.0,0.0,674,10.5,47,2
244.0,0.0,3.0,500,1,22.0,0.0,0.0,658,7.125,47,2
245.0,0.0,3.0,47,1,30.0,0.0,0.0,213,7.225,47,0
246.0,0.0,1.0,539,1,44.0,2.0,0.0,92,90.0,78,1
247.0,0.0,3.0,481,0,25.0,0.0,0.0,325,7.775,47,2
248.0,1.0,2.0,322,0,24.0,0.0,2.0,166,14.5,47,2
249.0,1.0,1.0,78,1,37.0,1.0,1.0,54,52.5542,102,2
250.0,0.0,2.0,147,1,54.0,1.0,0.0,144,26.0,47,2
251.0,0.0,3.0,673,1,29.69911764705882,0.0,0.0,422,7.25,47,2
252.0,0.0,3.0,790,0,29.0,1.0,1.0,316,10.4625,145,2
253.0,0.0,1.0,782,1,62.0,0.0,0.0,31,26.55,83,2
254.0,0.0,3.0,487,1,30.0,1.0,0.0,536,16.1,47,2
255.0,0.0,3.0,702,0,41.0,0.0,2.0,458,20.2125,47,2
256.0,1.0,3.0,819,0,29.0,0.0,2.0,185,15.2458,47,0
257.0,1.0,1.0,808,0,29.69911764705882,0.0,0.0,589,79.2,47,0
258.0,1.0,1.0,156,0,30.0,0.0,0.0,0,86.5,40,2
259.0,1.0,1.0,844,0,35.0,0.0,0.0,608,512.3292,47,0
260.0,1.0,2.0,636,0,50.0,0.0,1.0,115,26.0,47,2
261.0,0.0,3.0,771,1,29.69911764705882,0.0,0.0,482,7.75,47,1
262.0,1.0,3.0,42,1,3.0,4.0,2.0,329,31.3875,47,2
263.0,0.0,1.0,799,1,52.0,1.0,1.0,1,79.65,134,2
264.0,0.0,1.0,340,1,40.0,0.0,0.0,16,0.0,46,2
265.0,0.0,3.0,356,0,29.69911764705882,0.0,0.0,478,7.75,47,1
266.0,0.0,2.0,674,1,36.0,0.0,0.0,546,10.5,47,2
267.0,0.0,3.0,631,1,16.0,4.0,1.0,249,39.6875,47,2
268.0,1.0,3.0,652,1,25.0,1.0,0.0,334,7.775,47,2
269.0,1.0,1.0,305,0,58.0,0.0,1.0,588,153.4625,57,2
270.0,1.0,1.0,91,0,35.0,0.0,0.0,613,135.6333,89,2
271.0,0.0,1.0,125,1,29.69911764705882,0.0,0.0,47,31.0,47,2
272.0,1.0,3.0,817,1,25.0,0.0,0.0,574,0.0,47,2
273.0,1.0,2.0,530,0,41.0,0.0,1.0,162,19.5,47,2
274.0,0.0,1.0,577,1,37.0,0.0,1.0,594,29.7,54,0
275.0,1.0,3.0,350,0,29.69911764705882,0.0,0.0,465,7.75,47,1
276.0,1.0,1.0,33,0,63.0,1.0,0.0,71,77.9583,113,2
277.0,0.0,3.0,482,0,45.0,0.0,0.0,326,7.75,47,2
278.0,0.0,2.0,634,1,29.69911764705882,0.0,0.0,135,0.0,47,2
279.0,0.0,3.0,681,1,7.0,4.0,1.0,480,29.125,47,1
280.0,1.0,3.0,2,0,35.0,1.0,1.0,551,20.25,47,2
281.0,0.0,3.0,227,1,65.0,0.0,0.0,290,7.75,47,1
282.0,0.0,3.0,614,1,28.0,0.0,0.0,340,7.8542,47,2
283.0,0.0,3.0,887,1,16.0,0.0,0.0,310,9.5,47,2
284.0,1.0,3.0,221,1,19.0,0.0,0.0,533,8.05,47,2
285.0,0.0,1.0,770,1,29.69911764705882,0.0,0.0,24,26.0,3,2
286.0,0.0,3.0,779,1,33.0,0.0,0.0,378,8.6625,47,0
287.0,1.0,3.0,886,1,30.0,0.0,0.0,308,9.5,47,2
288.0,0.0,3.0,570,1,22.0,0.0,0.0,353,7.8958,47,2
289.0,1.0,2.0,378,1,42.0,0.0,0.0,134,13.0,47,2
290.0,1.0,3.0,177,0,22.0,0.0,0.0,464,7.75,47,1
291.0,1.0,1.0,65,0,26.0,0.0,0.0,91,78.85,47,2
292.0,1.0,1.0,90,0,19.0,1.0,0.0,64,91.0792,31,0
293.0,0.0,2.0,477,1,36.0,0.0,0.0,635,12.875,90,0
294.0,0.0,3.0,315,0,24.0,0.0,0.0,376,8.85,47,2
295.0,0.0,3.0,541,1,24.0,0.0,0.0,374,7.8958,47,2
296.0,0.0,1.0,478,1,29.69911764705882,0.0,0.0,606,27.7208,47,0
297.0,0.0,3.0,324,1,23.5,0.0,0.0,212,7.2292,47,0
298.0,0.0,1.0,17,0,2.0,1.0,2.0,37,151.55,62,2
299.0,1.0,1.0,714,1,29.69911764705882,0.0,0.0,98,30.5,51,2
300.0,1.0,1.0,71,0,50.0,0.0,1.0,585,247.5208,36,0
301.0,1.0,3.0,431,0,29.69911764705882,0.0,0.0,513,7.75,47,1
302.0,1.0,3.0,518,1,29.69911764705882,2.0,0.0,441,23.25,47,1
303.0,0.0,3.0,411,1,19.0,0.0,0.0,574,0.0,47,2
304.0,1.0,2.0,428,0,29.69911764705882,0.0,0.0,109,12.35,116,1
305.0,0.0,3.0,868,1,29.69911764705882,0.0,0.0,527,8.05,47,2
306.0,1.0,1.0,16,1,0.92,1.0,2.0,37,151.55,62,2
307.0,1.0,1.0,248,0,29.69911764705882,0.0,0.0,83,110.8833,47,0
308.0,1.0,1.0,647,0,17.0,1.0,0.0,611,108.9,74,0
309.0,0.0,2.0,3,1,30.0,1.0,0.0,575,24.0,47,0
310.0,1.0,1.0,263,0,30.0,0.0,0.0,584,56.9292,125,0
311.0,1.0,1.0,348,0,24.0,0.0,0.0,59,83.1583,72,0
312.0,1.0,1.0,710,0,18.0,2.0,2.0,602,262.375,35,0
313.0,0.0,2.0,449,0,26.0,1.0,1.0,167,26.0,47,2
314.0,0.0,3.0,355,1,28.0,0.0,0.0,382,7.8958,47,2
315.0,0.0,2.0,342,1,43.0,1.0,1.0,571,26.25,47,2
316.0,1.0,3.0,590,0,26.0,0.0,0.0,343,7.8542,47,2
317.0,1.0,2.0,423,0,24.0,1.0,0.0,150,26.0,47,2
318.0,0.0,2.0,555,1,54.0,0.0,0.0,232,14.0,47,2
319.0,1.0,1.0,859,0,31.0,0.0,2.0,453,164.8667,76,2
320.0,1.0,1.0,775,0,40.0,1.0,1.0,81,134.5,124,0
321.0,0.0,3.0,211,1,22.0,0.0,0.0,524,7.25,47,2
322.0,0.0,3.0,200,1,27.0,0.0,0.0,365,7.8958,47,2
323.0,1.0,2.0,762,0,30.0,0.0,0.0,124,12.35,47,1
324.0,1.0,2.0,128,0,22.0,1.0,1.0,158,29.0,47,2
325.0,0.0,3.0,722,1,29.69911764705882,8.0,2.0,568,69.55,47,2
326.0,1.0,1.0,877,0,36.0,0.0,0.0,613,135.6333,65,0
327.0,0.0,3.0,598,1,61.0,0.0,0.0,299,6.2375,47,2
328.0,1.0,2.0,60,0,36.0,0.0,0.0,229,13.0,90,2
329.0,1.0,3.0,295,0,31.0,1.0,1.0,423,20.525,47,2
330.0,1.0,1.0,363,0,16.0,0.0,1.0,7,57.9792,17,0
331.0,1.0,3.0,517,0,29.69911764705882,2.0,0.0,441,23.25,47,1
332.0,0.0,1.0,637,1,45.5,0.0,0.0,20,28.5,56,2
333.0,0.0,1.0,304,1,38.0,0.0,1.0,588,153.4625,85,2
334.0,0.0,3.0,838,1,16.0,2.0,0.0,302,18.0,47,2
335.0,1.0,1.0,265,0,29.69911764705882,1.0,0.0,605,133.65,47,2
336.0,0.0,3.0,210,1,29.69911764705882,0.0,0.0,370,7.8958,47,2
337.0,0.0,1.0,642,1,29.0,1.0,0.0,36,66.6,61,2
338.0,1.0,1.0,117,0,41.0,0.0,0.0,81,134.5,127,0
339.0,1.0,3.0,192,1,45.0,0.0,0.0,510,8.05,47,2
340.0,0.0,1.0,93,1,45.0,0.0,0.0,39,35.5,146,2
341.0,1.0,2.0,578,1,2.0,1.0,1.0,113,26.0,141,2
342.0,1.0,1.0,258,0,24.0,3.0,2.0,95,263.0,63,2
343.0,0.0,2.0,170,1,28.0,0.0,0.0,159,13.0,47,2
344.0,0.0,2.0,733,1,25.0,0.0,0.0,149,13.0,47,2
345.0,0.0,2.0,262,1,36.0,0.0,0.0,112,13.0,47,2
346.0,1.0,2.0,111,0,24.0,0.0,0.0,157,13.0,142,2
347.0,1.0,2.0,768,0,40.0,0.0,0.0,257,13.0,47,2
348.0,1.0,3.0,207,0,29.69911764705882,1.0,0.0,483,16.1,47,2
349.0,1.0,3.0,183,1,3.0,1.0,1.0,562,15.9,47,2
350.0,0.0,3.0,215,1,42.0,0.0,0.0,262,8.6625,47,2
351.0,0.0,3.0,608,1,23.0,0.0,0.0,503,9.225,47,2
352.0,0.0,1.0,870,1,29.69911764705882,0.0,0.0,30,35.0,59,2
353.0,0.0,3.0,237,1,15.0,1.0,1.0,214,7.2292,47,0
354.0,0.0,3.0,37,1,25.0,1.0,0.0,377,17.8,47,2
355.0,0.0,3.0,879,1,29.69911764705882,0.0,0.0,182,7.225,47,0
356.0,0.0,3.0,835,1,28.0,0.0,0.0,314,9.5,47,2
357.0,1.0,1.0,104,0,22.0,0.0,1.0,28,55.0,123,2
358.0,0.0,2.0,270,0,38.0,0.0,0.0,131,13.0,47,2
359.0,1.0,3.0,522,0,29.69911764705882,0.0,0.0,279,7.8792,47,1
360.0,1.0,3.0,545,0,29.69911764705882,0.0,0.0,285,7.8792,47,1
361.0,0.0,3.0,759,1,40.0,1.0,4.0,337,27.9,47,2
362.0,0.0,2.0,888,1,29.0,1.0,0.0,633,27.7208,47,0
363.0,0.0,3.0,64,0,45.0,0.0,1.0,211,14.4542,47,0
364.0,0.0,3.0,40,1,35.0,0.0,0.0,641,7.05,47,2
365.0,0.0,3.0,599,1,29.69911764705882,1.0,0.0,459,15.5,47,1
366.0,0.0,3.0,5,1,30.0,0.0,0.0,544,7.25,47,2
367.0,1.0,1.0,845,0,60.0,1.0,0.0,4,75.25,104,0
368.0,1.0,3.0,562,0,29.69911764705882,0.0,0.0,175,7.2292,47,0
369.0,1.0,3.0,400,0,29.69911764705882,0.0,0.0,78,7.75,47,1
370.0,1.0,1.0,48,0,24.0,0.0,0.0,581,69.3,24,0
371.0,1.0,1.0,328,1,25.0,1.0,0.0,58,55.4417,131,0
372.0,0.0,3.0,863,1,18.0,1.0,0.0,244,6.4958,47,2
373.0,0.0,3.0,75,1,19.0,0.0,0.0,273,8.05,47,2
374.0,0.0,1.0,690,1,22.0,0.0,0.0,613,135.6333,47,0
375.0,0.0,3.0,625,0,3.0,3.0,1.0,395,21.075,47,2
376.0,1.0,1.0,536,0,29.69911764705882,1.0,0.0,600,82.1708,47,0
377.0,1.0,3.0,454,0,22.0,0.0,0.0,545,7.25,47,2
378.0,0.0,1.0,862,1,27.0,0.0,2.0,27,211.5,79,0
379.0,0.0,3.0,85,1,20.0,0.0,0.0,183,4.0125,47,0
380.0,0.0,3.0,314,1,19.0,0.0,0.0,324,7.775,47,2
381.0,1.0,1.0,86,0,42.0,0.0,0.0,610,227.525,47,0
382.0,1.0,3.0,572,0,1.0,0.0,2.0,187,15.7417,47,0
383.0,0.0,3.0,811,1,32.0,0.0,0.0,665,7.925,47,2
384.0,1.0,1.0,373,0,35.0,1.0,0.0,43,52.0,47,2
385.0,0.0,3.0,665,1,29.69911764705882,0.0,0.0,371,7.8958,47,2
386.0,0.0,2.0,205,1,18.0,0.0,0.0,621,73.5,47,2
387.0,0.0,3.0,298,1,1.0,5.0,2.0,566,46.9,47,2
388.0,1.0,2.0,118,0,36.0,0.0,0.0,220,13.0,47,2
389.0,0.0,3.0,715,1,29.69911764705882,0.0,0.0,447,7.7292,47,1
390.0,1.0,2.0,468,0,17.0,0.0,0.0,625,12.0,47,0
391.0,1.0,1.0,144,1,36.0,1.0,2.0,33,120.0,47,2
392.0,1.0,3.0,393,1,21.0,0.0,0.0,401,7.7958,47,2
393.0,0.0,3.0,313,1,28.0,2.0,0.0,246,7.925,47,2
394.0,1.0,1.0,583,0,23.0,1.0,0.0,416,113.275,103,0
395.0,1.0,3.0,728,0,24.0,0.0,2.0,616,16.7,145,2
396.0,0.0,3.0,404,1,22.0,0.0,0.0,410,7.7958,47,2
397.0,0.0,3.0,613,0,31.0,0.0,0.0,414,7.8542,47,2
398.0,0.0,2.0,524,1,46.0,0.0,0.0,226,26.0,47,2
399.0,0.0,2.0,623,1,23.0,0.0,0.0,146,10.5,47,2
400.0,1.0,2.0,821,0,28.0,0.0,0.0,140,12.65,47,2
401.0,1.0,3.0,592,1,39.0,0.0,0.0,663,7.925,47,2
402.0,0.0,3.0,6,1,26.0,0.0,0.0,292,8.05,47,2
403.0,0.0,3.0,418,0,21.0,1.0,0.0,492,9.825,47,2
404.0,0.0,3.0,318,1,28.0,1.0,0.0,668,15.85,47,2
405.0,0.0,3.0,616,0,20.0,0.0,0.0,267,8.6625,47,2
406.0,0.0,2.0,274,1,34.0,1.0,0.0,230,21.0,47,2
407.0,0.0,3.0,861,1,51.0,0.0,0.0,321,7.75,47,2
408.0,1.0,2.0,687,1,3.0,1.0,1.0,237,18.75,47,2
409.0,0.0,3.0,88,1,21.0,0.0,0.0,255,7.775,47,2
410.0,0.0,3.0,465,0,29.69911764705882,3.0,1.0,488,25.4667,47,2
411.0,0.0,3.0,732,1,29.69911764705882,0.0,0.0,367,7.8958,47,2
412.0,0.0,3.0,343,1,29.69911764705882,0.0,0.0,487,6.8583,47,1
413.0,1.0,1.0,540,0,33.0,1.0,0.0,92,90.0,78,1
414.0,0.0,2.0,191,1,29.69911764705882,0.0,0.0,135,0.0,47,2
415.0,1.0,3.0,792,1,44.0,0.0,0.0,655,7.925,47,2
416.0,0.0,3.0,528,0,29.69911764705882,0.0,0.0,295,8.05,47,2
417.0,1.0,2.0,226,0,34.0,1.0,1.0,224,32.5,47,2
418.0,1.0,2.0,742,0,18.0,0.0,2.0,168,13.0,47,2
419.0,0.0,2.0,513,1,30.0,0.0,0.0,225,13.0,47,2
420.0,0.0,3.0,829,0,10.0,0.0,2.0,307,24.15,47,2
421.0,0.0,3.0,281,1,29.69911764705882,0.0,0.0,392,7.8958,47,0
422.0,0.0,3.0,155,1,21.0,0.0,0.0,534,7.7333,47,1
423.0,0.0,3.0,884,1,29.0,0.0,0.0,259,7.875,47,2
424.0,0.0,3.0,198,0,28.0,1.0,1.0,331,14.4,47,2
425.0,0.0,3.0,701,1,18.0,1.0,1.0,458,20.2125,47,2
426.0,0.0,3.0,872,1,29.69911764705882,0.0,0.0,521,7.25,47,2
427.0,1.0,2.0,162,0,28.0,1.0,0.0,100,26.0,47,2
428.0,1.0,2.0,662,0,19.0,0.0,0.0,170,26.0,47,2
429.0,0.0,3.0,249,1,29.69911764705882,0.0,0.0,437,7.75,47,1
430.0,1.0,3.0,663,1,32.0,0.0,0.0,644,8.05,115,2
431.0,1.0,1.0,92,1,28.0,0.0,0.0,3,26.55,71,2
432.0,1.0,3.0,810,0,29.69911764705882,1.0,0.0,476,16.1,47,2
433.0,1.0,2.0,491,0,42.0,1.0,0.0,627,26.0,47,2
434.0,0.0,3.0,420,1,17.0,0.0,0.0,657,7.125,47,2
435.0,0.0,1.0,744,1,50.0,1.0,0.0,72,55.9,128,2
436.0,1.0,1.0,143,0,14.0,1.0,2.0,33,120.0,47,2
437.0,0.0,3.0,253,0,21.0,2.0,2.0,676,34.375,47,2
438.0,1.0,2.0,688,0,24.0,2.0,3.0,237,18.75,47,2
439.0,0.0,1.0,261,1,64.0,1.0,4.0,95,263.0,63,2
440.0,0.0,2.0,447,1,31.0,0.0,0.0,547,10.5,47,2
441.0,1.0,2.0,344,0,45.0,1.0,1.0,571,26.25,47,2
442.0,0.0,3.0,323,1,20.0,0.0,0.0,305,9.5,47,2
443.0,0.0,3.0,659,1,25.0,1.0,0.0,328,7.775,47,2
444.0,1.0,2.0,679,0,28.0,0.0,0.0,116,13.0,47,2
445.0,1.0,3.0,402,1,29.69911764705882,0.0,0.0,499,8.1125,47,2
446.0,1.0,1.0,216,1,4.0,0.0,2.0,289,81.8583,10,2
447.0,1.0,2.0,529,0,13.0,0.0,1.0,162,19.5,47,2
448.0,1.0,1.0,735,1,34.0,0.0,0.0,45,26.55,47,2
449.0,1.0,3.0,55,0,5.0,2.0,1.0,194,19.2583,47,0
450.0,1.0,1.0,661,1,52.0,0.0,0.0,40,30.5,50,2
451.0,0.0,2.0,854,1,36.0,1.0,2.0,561,27.75,47,2
452.0,0.0,3.0,316,1,29.69911764705882,1.0,0.0,497,19.9667,47,2
453.0,0.0,1.0,257,1,30.0,0.0,0.0,22,27.75,53,0
454.0,1.0,1.0,290,1,49.0,1.0,0.0,84,89.1042,86,0
455.0,0.0,3.0,644,1,29.69911764705882,0.0,0.0,528,8.05,47,2
456.0,1.0,3.0,392,1,29.0,0.0,0.0,379,7.8958,47,0
457.0,0.0,1.0,537,1,65.0,0.0,0.0,73,26.55,126,2
458.0,1.0,1.0,436,0,29.69911764705882,1.0,0.0,86,51.8625,97,2
459.0,1.0,2.0,815,0,50.0,0.0,0.0,572,10.5,47,2
460.0,0.0,3.0,603,1,29.69911764705882,0.0,0.0,468,7.75,47,1
461.0,1.0,1.0,21,1,48.0,0.0,0.0,96,26.55,117,2
462.0,0.0,3.0,557,1,34.0,0.0,0.0,429,8.05,47,2
463.0,0.0,1.0,280,1,47.0,0.0,0.0,6,38.5,133,2
464.0,0.0,2.0,538,1,48.0,0.0,0.0,121,13.0,47,2
465.0,0.0,3.0,502,1,29.69911764705882,0.0,0.0,539,8.05,47,2
466.0,0.0,3.0,296,1,38.0,0.0,0.0,639,7.05,47,2
467.0,0.0,2.0,132,1,29.69911764705882,0.0,0.0,135,0.0,47,2
468.0,0.0,1.0,766,1,56.0,0.0,0.0,44,26.55,47,2
469.0,0.0,3.0,731,1,29.69911764705882,0.0,0.0,421,7.725,47,1
470.0,1.0,3.0,54,0,0.75,2.0,1.0,194,19.2583,47,0
471.0,0.0,3.0,430,1,29.69911764705882,0.0,0.0,272,7.25,47,2
472.0,0.0,3.0,124,1,38.0,0.0,0.0,263,8.6625,47,2
473.0,1.0,2.0,855,0,33.0,1.0,2.0,561,27.75,47,2
474.0,1.0,2.0,401,0,23.0,0.0,0.0,628,13.7917,90,0
475.0,0.0,3.0,787,0,22.0,0.0,0.0,509,9.8375,47,2
476.0,0.0,1.0,164,1,29.69911764705882,0.0,0.0,2,52.0,1,2
477.0,0.0,2.0,676,1,34.0,1.0,0.0,252,21.0,47,2
478.0,0.0,3.0,107,1,29.0,1.0,0.0,315,7.0458,47,2
479.0,0.0,3.0,425,1,22.0,0.0,0.0,411,7.5208,47,2
480.0,1.0,3.0,365,0,2.0,0.0,1.0,251,12.2875,47,2
481.0,0.0,3.0,297,1,9.0,5.0,2.0,566,46.9,47,2
482.0,0.0,2.0,268,1,29.69911764705882,0.0,0.0,136,0.0,47,2
483.0,0.0,3.0,706,1,50.0,0.0,0.0,531,8.05,47,2
484.0,1.0,3.0,825,0,63.0,0.0,0.0,489,9.5875,47,2
485.0,1.0,1.0,89,1,25.0,1.0,0.0,64,91.0792,31,0
486.0,0.0,3.0,466,0,29.69911764705882,3.0,1.0,488,25.4667,47,2
487.0,1.0,1.0,381,0,35.0,1.0,0.0,93,90.0,87,2
488.0,0.0,1.0,435,1,58.0,0.0,0.0,61,29.7,25,0
489.0,0.0,3.0,774,1,30.0,0.0,0.0,517,8.05,47,2
490.0,1.0,3.0,182,1,9.0,1.0,1.0,562,15.9,47,2
491.0,0.0,3.0,317,1,29.69911764705882,1.0,0.0,498,19.9667,47,2
492.0,0.0,3.0,871,1,21.0,0.0,0.0,649,7.25,47,2
493.0,0.0,1.0,547,1,55.0,0.0,0.0,41,30.5,64,2
494.0,0.0,1.0,39,1,71.0,0.0,0.0,603,49.5042,47,0
495.0,0.0,3.0,781,1,21.0,0.0,0.0,518,8.05,47,2
496.0,0.0,3.0,880,1,29.69911764705882,0.0,0.0,176,14.4583,47,0
497.0,1.0,1.0,242,0,54.0,1.0,0.0,454,78.2667,96,0
498.0,0.0,3.0,738,1,29.69911764705882,0.0,0.0,564,15.1,47,2
499.0,0.0,1.0,18,0,25.0,1.0,2.0,37,151.55,62,2
500.0,0.0,3.0,796,1,24.0,0.0,0.0,402,7.7958,47,2
501.0,0.0,3.0,130,1,17.0,0.0,0.0,261,8.6625,47,2
502.0,0.0,3.0,133,0,21.0,0.0,0.0,433,7.75,47,1
503.0,0.0,3.0,607,0,29.69911764705882,0.0,0.0,276,7.6292,47,1
504.0,0.0,3.0,450,0,37.0,0.0,0.0,490,9.5875,47,2
505.0,1.0,1.0,501,0,16.0,0.0,0.0,0,86.5,42,2
506.0,0.0,1.0,646,1,18.0,1.0,0.0,611,108.9,74,0
507.0,1.0,2.0,670,0,33.0,0.0,2.0,180,26.0,47,2
508.0,1.0,1.0,106,1,29.69911764705882,0.0,0.0,10,26.55,47,2
509.0,0.0,3.0,610,1,28.0,0.0,0.0,542,22.525,47,2
510.0,1.0,3.0,455,1,26.0,0.0,0.0,80,56.4958,47,2
511.0,1.0,3.0,195,1,29.0,0.0,0.0,479,7.75,47,1
512.0,0.0,3.0,849,1,29.69911764705882,0.0,0.0,648,8.05,47,2
513.0,1.0,1.0,521,1,36.0,0.0,0.0,577,26.2875,121,2
514.0,1.0,1.0,705,0,54.0,1.0,0.0,599,59.4,47,0
515.0,0.0,3.0,168,1,24.0,0.0,0.0,356,7.4958,47,2
516.0,0.0,1.0,843,1,47.0,0.0,0.0,456,34.0208,106,2
517.0,1.0,2.0,472,0,34.0,0.0,0.0,560,10.5,142,2
518.0,0.0,3.0,709,1,29.69911764705882,0.0,0.0,469,24.15,47,1
519.0,1.0,2.0,35,0,36.0,1.0,0.0,110,26.0,47,2
520.0,0.0,3.0,641,1,32.0,0.0,0.0,381,7.8958,47,2
521.0,1.0,1.0,651,0,30.0,0.0,0.0,67,93.5,39,2
522.0,0.0,3.0,841,1,22.0,0.0,0.0,390,7.8958,47,2
523.0,0.0,3.0,448,1,29.69911764705882,0.0,0.0,173,7.225,47,0
524.0,1.0,1.0,364,0,44.0,0.0,1.0,7,57.9792,17,0
525.0,0.0,3.0,427,1,29.69911764705882,0.0,0.0,217,7.2292,47,0
526.0,0.0,3.0,244,1,40.5,0.0,0.0,446,7.75,47,1
527.0,1.0,2.0,689,0,50.0,0.0,0.0,673,10.5,47,2
528.0,0.0,1.0,245,1,29.69911764705882,0.0,0.0,583,221.7792,88,2
529.0,0.0,3.0,725,1,39.0,0.0,0.0,250,7.925,47,2
530.0,0.0,2.0,366,1,23.0,2.0,1.0,235,11.5,47,2
531.0,1.0,2.0,669,0,2.0,1.0,1.0,180,26.0,47,2
532.0,0.0,3.0,818,1,29.69911764705882,0.0,0.0,181,7.2292,47,0
533.0,0.0,3.0,236,1,17.0,1.0,1.0,210,7.2292,47,0
534.0,1.0,3.0,654,0,29.69911764705882,0.0,2.0,196,22.3583,47,0
535.0,0.0,3.0,123,0,30.0,0.0,0.0,260,8.6625,47,2
536.0,1.0,2.0,341,0,7.0,0.0,2.0,571,26.25,47,2
537.0,0.0,1.0,120,1,45.0,0.0,0.0,21,26.55,26,2
538.0,1.0,1.0,461,0,30.0,0.0,0.0,614,106.425,47,0
539.0,0.0,3.0,692,1,29.69911764705882,0.0,0.0,426,14.5,47,2
540.0,1.0,1.0,266,0,22.0,0.0,2.0,75,49.5,27,0
541.0,1.0,1.0,188,0,36.0,0.0,2.0,680,71.0,20,2
542.0,0.0,3.0,26,0,9.0,4.0,2.0,333,31.275,47,2
543.0,0.0,3.0,27,0,11.0,4.0,2.0,333,31.275,47,2
544.0,1.0,2.0,73,1,32.0,1.0,0.0,233,26.0,47,2
545.0,0.0,1.0,222,1,50.0,1.0,0.0,614,106.425,82,0
546.0,0.0,1.0,587,1,64.0,0.0,0.0,501,26.0,47,2
547.0,1.0,2.0,74,0,19.0,1.0,0.0,233,26.0,47,2
548.0,1.0,2.0,622,1,29.69911764705882,0.0,0.0,631,13.8625,47,0
549.0,0.0,3.0,294,1,33.0,1.0,1.0,423,20.525,47,2
550.0,1.0,2.0,203,1,8.0,1.0,1.0,558,36.75,47,2
551.0,1.0,1.0,804,1,17.0,0.0,2.0,83,110.8833,77,0
552.0,0.0,2.0,736,1,27.0,0.0,0.0,148,26.0,47,2
553.0,0.0,3.0,600,1,29.69911764705882,0.0,0.0,284,7.8292,47,1
554.0,1.0,3.0,463,1,22.0,0.0,0.0,171,7.225,47,0
555.0,1.0,3.0,609,0,22.0,0.0,0.0,335,7.775,47,2
556.0,0.0,1.0,874,1,62.0,0.0,0.0,52,26.55,47,2
557.0,1.0,1.0,228,0,48.0,1.0,0.0,57,39.6,2,0
558.0,0.0,1.0,693,1,29.69911764705882,0.0,0.0,610,227.525,47,0
559.0,1.0,1.0,800,0,39.0,1.0,1.0,1,79.65,134,2
560.0,1.0,3.0,885,0,36.0,1.0,0.0,300,17.4,47,2
561.0,0.0,3.0,558,1,29.69911764705882,0.0,0.0,471,7.75,47,1
562.0,0.0,3.0,751,1,40.0,0.0,0.0,389,7.8958,47,2
563.0,0.0,2.0,593,1,28.0,0.0,0.0,103,13.5,47,2
564.0,0.0,3.0,746,1,29.69911764705882,0.0,0.0,651,8.05,47,2
565.0,0.0,3.0,527,0,29.69911764705882,0.0,0.0,645,8.05,47,2
566.0,0.0,3.0,204,1,24.0,2.0,0.0,519,24.15,47,2
567.0,0.0,3.0,786,1,19.0,0.0,0.0,352,7.8958,47,2
568.0,0.0,3.0,627,0,29.0,0.0,4.0,395,21.075,47,2
569.0,0.0,3.0,217,1,29.69911764705882,0.0,0.0,207,7.2292,47,0
570.0,1.0,3.0,416,1,32.0,0.0,0.0,415,7.8542,47,2
571.0,1.0,2.0,336,1,62.0,0.0,0.0,624,10.5,47,2
572.0,1.0,1.0,36,0,53.0,2.0,0.0,60,51.4792,48,2
573.0,1.0,1.0,251,1,36.0,0.0,0.0,578,26.3875,121,2
574.0,1.0,3.0,432,0,29.69911764705882,0.0,0.0,77,7.75,47,1
575.0,0.0,3.0,708,1,16.0,0.0,0.0,520,8.05,47,2
576.0,0.0,3.0,639,1,19.0,0.0,0.0,420,14.5,47,2
577.0,1.0,2.0,277,0,34.0,0.0,0.0,143,13.0,47,2
578.0,1.0,1.0,745,0,39.0,1.0,0.0,72,55.9,128,2
579.0,0.0,3.0,135,0,29.69911764705882,1.0,0.0,209,14.4583,47,0
580.0,1.0,3.0,419,1,32.0,0.0,0.0,661,7.925,47,2
581.0,1.0,2.0,160,0,25.0,1.0,1.0,133,30.0,47,2
582.0,1.0,1.0,805,0,39.0,1.0,1.0,83,110.8833,75,0
583.0,0.0,2.0,224,1,54.0,0.0,0.0,226,26.0,47,2
584.0,0.0,1.0,703,1,36.0,0.0,0.0,68,40.125,0,0
585.0,0.0,3.0,640,1,29.69911764705882,0.0,0.0,291,8.7125,47,0
586.0,1.0,1.0,798,0,18.0,0.0,2.0,1,79.65,135,2
587.0,0.0,2.0,395,1,47.0,0.0,0.0,129,15.0,47,2
588.0,1.0,1.0,267,1,60.0,1.0,1.0,74,79.2,29,0
589.0,0.0,3.0,284,1,22.0,0.0,0.0,79,8.05,47,2
590.0,0.0,3.0,566,1,29.69911764705882,0.0,0.0,515,8.05,47,2
591.0,0.0,3.0,691,1,35.0,0.0,0.0,656,7.125,47,2
592.0,1.0,1.0,783,0,52.0,1.0,0.0,454,78.2667,96,0
593.0,0.0,3.0,238,1,47.0,0.0,0.0,532,7.25,47,2
594.0,0.0,3.0,100,0,29.69911764705882,0.0,2.0,434,7.75,47,1
595.0,0.0,2.0,154,1,37.0,1.0,0.0,626,26.0,47,2
596.0,0.0,3.0,830,1,36.0,1.0,1.0,307,24.15,47,2
597.0,1.0,2.0,470,0,29.69911764705882,0.0,0.0,155,33.0,47,2
598.0,0.0,3.0,409,1,49.0,0.0,0.0,574,0.0,47,2
599.0,0.0,3.0,98,1,29.69911764705882,0.0,0.0,192,7.225,47,0
600.0,1.0,1.0,229,1,49.0,1.0,0.0,584,56.9292,4,0
601.0,1.0,2.0,391,0,24.0,2.0,1.0,142,27.0,47,2
602.0,0.0,3.0,761,1,29.69911764705882,0.0,0.0,360,7.8958,47,2
603.0,0.0,1.0,335,1,29.69911764705882,0.0,0.0,46,42.4,47,2
604.0,0.0,3.0,816,1,44.0,0.0,0.0,430,8.05,47,2
605.0,1.0,1.0,374,1,35.0,0.0,0.0,9,26.55,47,0
606.0,0.0,3.0,483,1,36.0,1.0,0.0,396,15.55,47,2
607.0,0.0,3.0,424,1,30.0,0.0,0.0,385,7.8958,47,2
608.0,1.0,1.0,199,1,27.0,0.0,0.0,50,30.5,47,2
609.0,1.0,2.0,458,0,22.0,1.0,2.0,634,41.5792,47,0
610.0,1.0,1.0,741,0,40.0,0.0,0.0,588,153.4625,57,2
611.0,0.0,3.0,30,0,39.0,1.0,5.0,333,31.275,47,2
612.0,0.0,3.0,394,1,29.69911764705882,0.0,0.0,638,7.05,47,2
613.0,1.0,3.0,568,0,29.69911764705882,1.0,0.0,444,15.5,47,1
614.0,0.0,3.0,377,1,29.69911764705882,0.0,0.0,467,7.75,47,1
615.0,0.0,3.0,110,1,35.0,0.0,0.0,431,8.05,47,2
616.0,1.0,2.0,357,0,24.0,1.0,2.0,106,65.0,47,2
617.0,0.0,3.0,197,1,34.0,1.0,1.0,331,14.4,47,2
618.0,0.0,3.0,488,0,26.0,1.0,0.0,536,16.1,47,2
619.0,1.0,2.0,77,0,4.0,2.0,1.0,114,39.0,144,2
620.0,0.0,2.0,279,1,26.0,0.0,0.0,253,10.5,47,2
621.0,0.0,3.0,875,1,27.0,1.0,0.0,188,14.4542,47,0
622.0,1.0,1.0,439,1,42.0,1.0,0.0,56,52.5542,95,2
623.0,1.0,3.0,573,1,20.0,1.0,1.0,187,15.7417,47,0
624.0,0.0,3.0,327,1,21.0,0.0,0.0,400,7.8542,47,2
625.0,0.0,3.0,103,1,21.0,0.0,0.0,495,16.1,47,2
626.0,0.0,1.0,794,1,61.0,0.0,0.0,455,32.3208,110,2
627.0,0.0,2.0,442,1,57.0,0.0,0.0,104,12.35,47,1
628.0,1.0,1.0,490,0,21.0,0.0,0.0,71,77.9583,114,2
629.0,0.0,3.0,96,1,26.0,0.0,0.0,369,7.8958,47,2
630.0,0.0,3.0,602,1,29.69911764705882,0.0,0.0,286,7.7333,47,1
631.0,1.0,1.0,66,1,80.0,0.0,0.0,218,30.0,5,2
632.0,0.0,3.0,494,1,51.0,0.0,0.0,345,7.0542,47,2
633.0,1.0,1.0,777,1,32.0,0.0,0.0,70,30.5,33,0
634.0,0.0,1.0,635,1,29.69911764705882,0.0,0.0,13,0.0,47,2
635.0,0.0,3.0,757,0,9.0,3.0,2.0,337,27.9,47,2
636.0,1.0,2.0,206,0,28.0,0.0,0.0,130,13.0,47,2
637.0,0.0,3.0,469,1,32.0,0.0,0.0,664,7.925,47,2
638.0,0.0,2.0,173,1,31.0,1.0,1.0,556,26.25,47,2
639.0,0.0,3.0,633,0,41.0,0.0,5.0,249,39.6875,47,2
640.0,0.0,3.0,809,1,29.69911764705882,1.0,0.0,476,16.1,47,2
641.0,0.0,3.0,397,1,20.0,0.0,0.0,409,7.8542,47,2
642.0,1.0,1.0,723,0,24.0,0.0,0.0,581,69.3,24,0
643.0,0.0,3.0,758,0,2.0,3.0,2.0,337,27.9,47,2
644.0,1.0,3.0,252,1,29.69911764705882,0.0,0.0,80,56.4958,47,2
645.0,1.0,3.0,53,0,0.75,2.0,1.0,194,19.2583,47,0
646.0,1.0,1.0,332,1,48.0,1.0,0.0,587,76.7292,101,0
647.0,0.0,3.0,180,1,19.0,0.0,0.0,373,7.8958,47,2
648.0,1.0,1.0,747,1,56.0,0.0,0.0,69,35.5,7,0
649.0,0.0,3.0,865,1,29.69911764705882,0.0,0.0,620,7.55,47,2
650.0,1.0,3.0,780,0,23.0,0.0,0.0,567,7.55,47,2
651.0,0.0,3.0,544,1,29.69911764705882,0.0,0.0,366,7.8958,47,2
652.0,1.0,2.0,218,0,18.0,0.0,1.0,117,23.0,47,2
653.0,0.0,3.0,421,1,21.0,0.0,0.0,512,8.4333,47,2
654.0,1.0,3.0,606,0,29.69911764705882,0.0,0.0,277,7.8292,47,1
655.0,0.0,3.0,352,0,18.0,0.0,0.0,439,6.75,47,1
656.0,0.0,2.0,360,1,24.0,2.0,0.0,621,73.5,47,2
657.0,0.0,3.0,671,1,29.69911764705882,0.0,0.0,368,7.8958,47,2
658.0,0.0,3.0,102,0,32.0,1.0,1.0,435,15.5,47,1
659.0,0.0,2.0,232,1,23.0,0.0,0.0,241,13.0,47,2
660.0,0.0,1.0,584,1,58.0,0.0,2.0,416,113.275,108,0
661.0,1.0,1.0,264,1,50.0,2.0,0.0,605,133.65,47,2
662.0,0.0,3.0,57,1,40.0,0.0,0.0,172,7.225,47,0
663.0,0.0,1.0,171,1,47.0,0.0,0.0,496,25.5875,132,2
664.0,0.0,3.0,167,1,36.0,0.0,0.0,357,7.4958,47,2
665.0,1.0,3.0,484,1,20.0,1.0,0.0,660,7.925,47,2
666.0,0.0,2.0,361,1,32.0,2.0,0.0,621,73.5,47,2
667.0,0.0,2.0,119,1,25.0,0.0,0.0,123,13.0,47,2
668.0,0.0,3.0,699,1,29.69911764705882,0.0,0.0,256,7.775,47,2
669.0,0.0,3.0,179,1,43.0,0.0,0.0,529,8.05,47,2
670.0,1.0,1.0,802,0,29.69911764705882,1.0,0.0,99,52.0,58,2
671.0,1.0,2.0,114,0,40.0,1.0,1.0,240,39.0,47,2
672.0,0.0,1.0,202,1,31.0,1.0,0.0,569,52.0,38,2
673.0,0.0,2.0,543,1,70.0,0.0,0.0,550,10.5,47,2
674.0,1.0,2.0,864,1,31.0,0.0,0.0,145,13.0,47,2
675.0,0.0,2.0,846,1,29.69911764705882,0.0,0.0,138,0.0,47,2
676.0,0.0,3.0,231,1,18.0,0.0,0.0,397,7.775,47,2
677.0,0.0,3.0,730,1,24.5,0.0,0.0,294,8.05,47,2
678.0,1.0,3.0,824,0,18.0,0.0,0.0,493,9.8417,47,2
679.0,0.0,3.0,302,0,43.0,1.0,6.0,566,46.9,47,2
680.0,1.0,1.0,137,1,36.0,0.0,1.0,608,512.3292,34,0
681.0,0.0,3.0,655,0,29.69911764705882,0.0,0.0,281,8.1375,47,1
682.0,1.0,1.0,345,1,27.0,0.0,0.0,587,76.7292,109,0
683.0,0.0,3.0,615,1,20.0,0.0,0.0,500,9.225,47,2
684.0,0.0,3.0,301,1,14.0,5.0,2.0,566,46.9,47,2
685.0,0.0,2.0,112,1,60.0,1.0,1.0,240,39.0,47,2
686.0,0.0,2.0,457,1,25.0,1.0,2.0,634,41.5792,47,0
687.0,0.0,3.0,632,1,14.0,4.0,1.0,249,39.6875,47,2
688.0,0.0,3.0,194,1,19.0,0.0,0.0,372,10.1708,47,2
689.0,0.0,3.0,247,1,18.0,0.0,0.0,403,7.7958,47,2
690.0,1.0,1.0,498,0,15.0,0.0,1.0,141,211.3375,32,2
691.0,1.0,1.0,213,1,31.0,1.0,0.0,89,57.0,19,2
692.0,1.0,3.0,426,0,4.0,0.0,1.0,393,13.4167,47,0
693.0,1.0,3.0,452,1,29.69911764705882,0.0,0.0,80,56.4958,47,2
694.0,0.0,3.0,713,1,25.0,0.0,0.0,200,7.225,47,0
695.0,0.0,1.0,850,1,60.0,0.0,0.0,48,26.55,47,2
696.0,0.0,2.0,153,1,52.0,0.0,0.0,156,13.5,47,2
697.0,0.0,3.0,433,1,44.0,0.0,0.0,425,8.05,47,2
698.0,1.0,3.0,565,0,29.69911764705882,0.0,0.0,419,7.7333,47,1
699.0,0.0,1.0,803,1,49.0,1.0,1.0,83,110.8833,75,0
700.0,0.0,3.0,382,1,42.0,0.0,0.0,346,7.65,139,2
701.0,1.0,1.0,45,0,18.0,1.0,0.0,610,227.525,73,0
702.0,1.0,1.0,743,1,35.0,0.0,0.0,579,26.2875,120,2
703.0,0.0,3.0,63,0,18.0,0.0,1.0,211,14.4542,47,0
704.0,0.0,3.0,275,1,25.0,0.0,0.0,449,7.7417,47,1
705.0,0.0,3.0,326,1,26.0,1.0,0.0,398,7.8542,47,2
706.0,0.0,2.0,556,1,39.0,0.0,0.0,170,26.0,47,2
707.0,1.0,2.0,434,0,45.0,0.0,0.0,108,13.5,47,2
708.0,1.0,1.0,126,1,42.0,0.0,0.0,580,26.2875,120,2
709.0,1.0,1.0,163,0,22.0,0.0,0.0,37,151.55,47,2
710.0,1.0,3.0,561,1,29.69911764705882,1.0,1.0,189,15.2458,47,0
711.0,1.0,1.0,514,0,24.0,0.0,0.0,582,49.5042,84,0
712.0,0.0,1.0,443,1,29.69911764705882,0.0,0.0,19,26.55,56,2
713.0,1.0,1.0,801,1,48.0,1.0,0.0,99,52.0,58,2
714.0,0.0,3.0,459,1,29.0,0.0,0.0,506,9.4833,47,2
715.0,0.0,2.0,307,1,52.0,0.0,0.0,164,13.0,47,2
716.0,0.0,3.0,773,1,19.0,0.0,0.0,348,7.65,140,2
717.0,1.0,1.0,241,0,38.0,0.0,0.0,610,227.525,66,0
718.0,1.0,2.0,822,0,27.0,0.0,0.0,293,10.5,116,2
719.0,0.0,3.0,520,1,29.69911764705882,0.0,0.0,440,15.5,47,1
720.0,0.0,3.0,410,1,33.0,0.0,0.0,319,7.775,47,2
721.0,1.0,2.0,331,0,6.0,0.0,1.0,155,33.0,47,2
722.0,0.0,3.0,399,1,17.0,1.0,0.0,408,7.0542,47,2
723.0,0.0,2.0,286,1,34.0,0.0,0.0,65,13.0,47,2
724.0,0.0,2.0,368,1,50.0,0.0,0.0,161,13.0,47,2
725.0,1.0,1.0,151,1,27.0,1.0,0.0,51,53.1,137,2
726.0,0.0,3.0,617,1,20.0,0.0,0.0,266,8.6625,47,2
727.0,1.0,2.0,677,0,30.0,3.0,0.0,252,21.0,47,2
728.0,1.0,3.0,507,0,29.69911764705882,0.0,0.0,451,7.7375,47,1
729.0,0.0,2.0,115,1,25.0,1.0,0.0,127,26.0,47,2
730.0,0.0,3.0,387,0,25.0,1.0,0.0,667,7.925,47,2
731.0,1.0,1.0,14,0,29.0,0.0,0.0,141,211.3375,32,2
732.0,0.0,3.0,346,1,11.0,0.0,0.0,216,18.7875,47,0
733.0,0.0,2.0,445,1,29.69911764705882,0.0,0.0,137,0.0,47,2
734.0,0.0,2.0,84,1,23.0,0.0,0.0,228,13.0,47,2
735.0,0.0,2.0,820,1,23.0,0.0,0.0,119,13.0,47,2
736.0,0.0,3.0,869,1,28.5,0.0,0.0,495,16.1,47,2
737.0,0.0,3.0,256,0,48.0,1.0,3.0,676,34.375,47,2
738.0,1.0,1.0,476,1,35.0,0.0,0.0,608,512.3292,15,0
739.0,0.0,3.0,389,1,29.69911764705882,0.0,0.0,349,7.8958,47,2
740.0,0.0,3.0,574,1,29.69911764705882,0.0,0.0,364,7.8958,47,2
741.0,1.0,1.0,347,1,29.69911764705882,0.0,0.0,82,30.0,105,2
742.0,0.0,1.0,148,1,36.0,1.0,0.0,91,78.85,67,2
743.0,1.0,1.0,711,0,21.0,2.0,2.0,602,262.375,35,0
744.0,0.0,3.0,526,1,24.0,1.0,0.0,477,16.1,47,2
745.0,1.0,3.0,788,1,31.0,0.0,0.0,662,7.925,47,2
746.0,0.0,1.0,187,1,70.0,1.0,1.0,680,71.0,20,2
747.0,0.0,3.0,1,1,16.0,1.0,1.0,551,20.25,47,2
748.0,1.0,2.0,748,0,30.0,0.0,0.0,165,13.0,47,2
749.0,0.0,1.0,511,1,19.0,1.0,0.0,35,53.1,100,2
750.0,0.0,3.0,176,1,31.0,0.0,0.0,287,7.75,47,1
751.0,1.0,2.0,852,0,4.0,1.0,1.0,234,23.0,47,2
752.0,1.0,3.0,549,1,6.0,0.0,1.0,486,12.475,118,2
753.0,0.0,3.0,833,1,33.0,0.0,0.0,312,9.5,47,2
754.0,0.0,3.0,415,1,23.0,0.0,0.0,351,7.8958,47,2
755.0,1.0,2.0,358,0,48.0,1.0,2.0,106,65.0,47,2
756.0,1.0,2.0,321,1,0.67,1.0,1.0,166,14.5,47,2
757.0,0.0,3.0,138,1,28.0,0.0,0.0,404,7.7958,47,2
758.0,0.0,2.0,58,1,18.0,0.0,0.0,238,11.5,47,2
759.0,0.0,3.0,806,1,34.0,0.0,0.0,424,8.05,47,2
760.0,1.0,1.0,704,0,33.0,0.0,0.0,0,86.5,40,2
761.0,0.0,3.0,276,1,29.69911764705882,0.0,0.0,420,14.5,47,2
762.0,0.0,3.0,591,1,41.0,0.0,0.0,646,7.125,47,2
763.0,1.0,3.0,62,1,20.0,0.0,0.0,191,7.2292,47,0
764.0,1.0,1.0,146,0,36.0,1.0,2.0,33,120.0,47,2
765.0,0.0,3.0,233,1,16.0,0.0,0.0,327,7.775,47,2
766.0,1.0,1.0,369,0,51.0,1.0,0.0,71,77.9583,92,2
767.0,0.0,1.0,109,1,29.69911764705882,0.0,0.0,18,39.6,47,0
768.0,0.0,3.0,506,0,30.5,0.0,0.0,436,7.75,47,1
769.0,0.0,3.0,553,1,29.69911764705882,1.0,0.0,469,24.15,47,1
770.0,0.0,3.0,309,1,32.0,0.0,0.0,511,8.3625,47,2
771.0,0.0,3.0,480,1,24.0,0.0,0.0,313,9.5,47,2
772.0,0.0,3.0,398,1,48.0,0.0,0.0,407,7.8542,47,2
773.0,0.0,2.0,496,0,57.0,0.0,0.0,619,10.5,136,2
774.0,0.0,3.0,235,1,29.69911764705882,0.0,0.0,201,7.225,47,0
775.0,1.0,2.0,367,0,54.0,1.0,3.0,236,23.0,47,2
776.0,0.0,3.0,569,1,18.0,0.0,0.0,330,7.75,47,2
777.0,0.0,3.0,812,1,29.69911764705882,0.0,0.0,481,7.75,143,1
778.0,1.0,3.0,239,0,5.0,0.0,0.0,432,12.475,47,2
779.0,0.0,3.0,438,1,29.69911764705882,0.0,0.0,450,7.7375,47,1
780.0,1.0,1.0,694,0,43.0,0.0,1.0,141,211.3375,22,2
781.0,1.0,3.0,50,0,13.0,0.0,0.0,208,7.2292,47,0
782.0,1.0,1.0,214,0,17.0,1.0,0.0,89,57.0,19,2
783.0,0.0,1.0,489,1,29.0,0.0,0.0,26,30.0,112,2
784.0,0.0,3.0,414,1,29.69911764705882,1.0,2.0,675,23.45,47,2
785.0,0.0,3.0,13,1,25.0,0.0,0.0,643,7.05,47,2
786.0,0.0,3.0,330,1,25.0,0.0,0.0,474,7.25,47,2
787.0,1.0,3.0,753,0,18.0,0.0,0.0,243,7.4958,47,2
788.0,0.0,3.0,683,1,8.0,4.0,1.0,480,29.125,47,1
789.0,1.0,3.0,208,1,1.0,1.0,2.0,548,20.575,47,2
790.0,0.0,1.0,310,1,46.0,0.0,0.0,592,79.2,44,0
791.0,0.0,3.0,429,1,29.69911764705882,0.0,0.0,66,7.75,47,1
792.0,0.0,2.0,278,1,16.0,0.0,0.0,139,26.0,47,2
793.0,0.0,3.0,719,0,29.69911764705882,8.0,2.0,568,69.55,47,2
794.0,0.0,1.0,380,1,29.69911764705882,0.0,0.0,597,30.6958,47,0
795.0,0.0,3.0,201,1,25.0,0.0,0.0,350,7.8958,47,2
796.0,0.0,2.0,621,1,39.0,0.0,0.0,223,13.0,47,2
797.0,1.0,1.0,462,0,49.0,0.0,0.0,87,25.9292,94,2
798.0,1.0,3.0,619,0,31.0,0.0,0.0,383,8.6833,47,2
799.0,0.0,3.0,384,1,30.0,0.0,0.0,206,7.2292,47,0
800.0,0.0,3.0,831,0,30.0,1.0,1.0,307,24.15,47,2
801.0,0.0,2.0,666,1,34.0,0.0,0.0,164,13.0,47,2
802.0,1.0,2.0,174,0,31.0,1.0,1.0,556,26.25,47,2
803.0,1.0,1.0,142,1,11.0,1.0,2.0,33,120.0,47,2
804.0,1.0,3.0,807,1,0.42,0.0,1.0,174,8.5167,47,0
805.0,1.0,3.0,351,1,27.0,0.0,0.0,338,6.975,47,2
806.0,0.0,3.0,406,1,31.0,0.0,0.0,320,7.775,47,2
807.0,0.0,1.0,34,1,39.0,0.0,0.0,12,0.0,11,2
808.0,0.0,3.0,660,0,18.0,0.0,0.0,336,7.775,47,2
809.0,0.0,2.0,534,1,39.0,0.0,0.0,154,13.0,47,2
810.0,1.0,1.0,152,0,33.0,1.0,0.0,51,53.1,137,2
811.0,0.0,3.0,10,1,26.0,0.0,0.0,339,7.8875,47,2
812.0,0.0,3.0,475,1,39.0,0.0,0.0,519,24.15,47,2
813.0,0.0,2.0,763,1,35.0,0.0,0.0,222,10.5,47,2
814.0,0.0,3.0,23,0,6.0,4.0,2.0,333,31.275,47,2
815.0,0.0,3.0,814,1,30.5,0.0,0.0,427,8.05,47,2
816.0,0.0,1.0,269,1,29.69911764705882,0.0,0.0,15,0.0,16,2
817.0,0.0,3.0,354,0,23.0,0.0,0.0,671,7.925,47,2
818.0,0.0,2.0,504,1,31.0,1.0,1.0,618,37.0042,47,0
819.0,0.0,3.0,371,1,43.0,0.0,0.0,543,6.45,47,2
820.0,0.0,3.0,756,1,10.0,3.0,2.0,337,27.9,47,2
821.0,1.0,1.0,349,0,52.0,1.0,1.0,67,93.5,37,2
822.0,1.0,3.0,493,1,27.0,0.0,0.0,269,8.6625,47,2
823.0,0.0,1.0,678,1,38.0,0.0,0.0,97,0.0,47,2
824.0,1.0,3.0,550,0,27.0,0.0,1.0,486,12.475,118,2
825.0,0.0,3.0,630,1,2.0,4.0,1.0,249,39.6875,47,2
826.0,0.0,3.0,250,1,29.69911764705882,0.0,0.0,448,6.95,47,1
827.0,0.0,3.0,453,1,29.69911764705882,0.0,0.0,80,56.4958,47,2
828.0,1.0,2.0,503,1,1.0,0.0,2.0,618,37.0042,47,0
829.0,1.0,3.0,516,1,29.69911764705882,0.0,0.0,442,7.75,47,1
830.0,1.0,1.0,785,0,62.0,0.0,0.0,32,80.0,21,2
831.0,1.0,3.0,876,0,15.0,1.0,0.0,188,14.4542,47,0
832.0,1.0,2.0,686,1,0.83,1.0,1.0,237,18.75,47,2
833.0,0.0,3.0,712,1,29.69911764705882,0.0,0.0,199,7.2292,47,0
834.0,0.0,3.0,49,1,23.0,0.0,0.0,342,7.8542,47,2
835.0,0.0,3.0,19,1,18.0,0.0,0.0,107,8.3,47,2
836.0,1.0,1.0,175,0,39.0,1.0,1.0,609,83.1583,130,0
837.0,0.0,3.0,638,1,21.0,0.0,0.0,268,8.6625,47,2
838.0,0.0,3.0,750,1,29.69911764705882,0.0,0.0,485,8.05,47,2
839.0,1.0,3.0,158,1,32.0,0.0,0.0,80,56.4958,47,2
840.0,1.0,1.0,508,1,29.69911764705882,0.0,0.0,62,29.7,68,0
841.0,0.0,3.0,11,1,20.0,0.0,0.0,647,7.925,47,2
842.0,0.0,2.0,564,1,16.0,0.0,0.0,619,10.5,47,2
843.0,1.0,1.0,734,0,30.0,0.0,0.0,47,31.0,47,0
844.0,0.0,3.0,471,1,34.5,0.0,0.0,205,6.4375,47,0
845.0,0.0,3.0,189,1,17.0,0.0,0.0,264,8.6625,47,2
846.0,0.0,3.0,0,1,42.0,0.0,0.0,563,7.55,47,2
847.0,0.0,3.0,720,1,29.69911764705882,8.0,2.0,568,69.55,47,2
848.0,0.0,3.0,509,1,35.0,0.0,0.0,359,7.8958,47,0
849.0,0.0,2.0,334,1,28.0,0.0,1.0,155,33.0,47,2
850.0,1.0,1.0,291,0,29.69911764705882,1.0,0.0,84,89.1042,86,0
851.0,0.0,3.0,22,1,4.0,4.0,2.0,333,31.275,47,2
852.0,0.0,3.0,795,1,74.0,0.0,0.0,317,7.775,47,2
853.0,0.0,3.0,97,0,9.0,1.0,1.0,203,15.2458,47,0
854.0,1.0,1.0,485,0,16.0,0.0,1.0,591,39.4,99,2
855.0,0.0,2.0,145,0,44.0,1.0,0.0,144,26.0,47,2
856.0,1.0,3.0,8,0,18.0,0.0,1.0,484,9.35,47,2
857.0,1.0,1.0,860,0,45.0,1.0,1.0,453,164.8667,47,2
858.0,1.0,1.0,196,1,51.0,0.0,0.0,23,26.55,119,2
859.0,1.0,3.0,56,0,24.0,0.0,3.0,194,19.2583,47,0
860.0,0.0,3.0,672,1,29.69911764705882,0.0,0.0,178,7.2292,47,0
861.0,0.0,3.0,325,1,41.0,2.0,0.0,399,14.1083,47,2
862.0,0.0,2.0,283,1,21.0,1.0,0.0,221,11.5,47,2
863.0,1.0,1.0,797,0,48.0,0.0,0.0,88,25.9292,94,2
864.0,0.0,3.0,718,0,29.69911764705882,8.0,2.0,568,69.55,47,2
865.0,0.0,2.0,285,1,24.0,0.0,0.0,120,13.0,47,2
866.0,1.0,2.0,122,0,42.0,0.0,0.0,126,13.0,47,2
867.0,1.0,2.0,230,0,27.0,1.0,0.0,632,13.8583,47,0
868.0,0.0,1.0,696,1,31.0,0.0,0.0,590,50.4958,6,2
869.0,0.0,3.0,890,1,29.69911764705882,0.0,0.0,309,9.5,47,2
870.0,1.0,3.0,407,1,4.0,1.0,1.0,344,11.1333,47,2
871.0,0.0,3.0,59,1,26.0,0.0,0.0,387,7.8958,47,2
872.0,1.0,1.0,79,0,47.0,1.0,1.0,54,52.5542,102,2
873.0,0.0,1.0,139,1,33.0,0.0,0.0,502,5.0,34,2
874.0,0.0,3.0,836,1,47.0,0.0,0.0,303,9.0,47,2
875.0,1.0,2.0,4,0,28.0,1.0,0.0,575,24.0,47,0
876.0,1.0,3.0,571,0,15.0,0.0,0.0,195,7.225,47,0
877.0,0.0,3.0,311,1,20.0,0.0,0.0,504,9.8458,47,2
878.0,0.0,3.0,657,1,19.0,0.0,0.0,358,7.8958,47,2
879.0,0.0,3.0,451,1,29.69911764705882,0.0,0.0,363,7.8958,47,2
880.0,1.0,1.0,668,0,56.0,0.0,1.0,59,83.1583,70,0
881.0,1.0,2.0,739,0,25.0,0.0,1.0,115,26.0,47,2
882.0,0.0,3.0,510,1,33.0,0.0,0.0,394,7.8958,47,2
883.0,0.0,3.0,193,0,22.0,0.0,0.0,508,10.5167,47,2
884.0,0.0,2.0,61,1,28.0,0.0,0.0,565,10.5,47,2
885.0,0.0,3.0,793,1,25.0,0.0,0.0,650,7.05,47,2
886.0,0.0,3.0,684,0,39.0,0.0,5.0,480,29.125,47,1
887.0,0.0,2.0,548,1,27.0,0.0,0.0,101,13.0,47,2
888.0,1.0,1.0,303,0,19.0,0.0,0.0,14,30.0,30,2
889.0,0.0,3.0,413,0,29.69911764705882,1.0,2.0,675,23.45,47,2
890.0,1.0,1.0,81,1,26.0,0.0,0.0,8,30.0,60,0
891.0,0.0,3.0,220,1,32.0,0.0,0.0,466,7.75,47,1
